--- Drop Tables ---
DROP TABLE Cliente_Star CASCADE CONSTRAINTS;
DROP TABLE Cultura CASCADE CONSTRAINTS;
DROP TABLE Data_Warehouse CASCADE CONSTRAINTS;
DROP TABLE Parcelas_Star CASCADE CONSTRAINTS;
DROP TABLE Produto_Star CASCADE CONSTRAINTS;
DROP TABLE Tempo CASCADE CONSTRAINTS;
DROP TABLE Tipo_Cultura CASCADE CONSTRAINTS;

---- Create Tables ----
CREATE TABLE Cliente_Star (
    nif number(9), 
    nome varchar2(20) NOT NULL, 
    num_encomendas number(10) NOT NULL, 
    email varchar2(20) NOT NULL, 
    codigo_interno number(10) NOT NULL, 
    PRIMARY KEY (nif)
);
CREATE TABLE Cultura (
    id_cultura number(10), 
    nome_cultura varchar2(20) NOT NULL, 
    PRIMARY KEY (id_cultura)
);
CREATE TABLE Parcelas_Star (
    Id_parcelas number(10), 
    area number(10, 4) NOT NULL, 
    designacao varchar2(20) NOT NULL, 
    tipo_cultura varchar2(20) NOT NULL, 
    cultura varchar2(20) NOT NULL, 
    PRIMARY KEY (Id_parcelas)
);
CREATE TABLE Produto_Star (
    id_produto number(10), 
    nome_produto varchar2(20) NOT NULL, 
    preco_produto number(10, 4) NOT NULL, 
    Colheitasid_colheitas number(10) NOT NULL, 
    Encomendaid_encomenda number(10) NOT NULL, 
    Culturaid_cultura number(10) NOT NULL, 
    Tipo_Culturaid_tipo_cultura number(10) NOT NULL, 
    PRIMARY KEY (id_produto)
);
CREATE TABLE Tempo (
    id_tempo number(10), 
    ano number(10) NOT NULL, 
    mes number(10) NOT NULL, 
    PRIMARY KEY (id_tempo)
);
CREATE TABLE Tipo_Cultura (
    id_tipo_cultura number(10), 
    tipo_cultura_nome varchar2(20) NOT NULL, 
    PRIMARY KEY (id_tipo_cultura)
);
CREATE TABLE Data_Warehouse (
    id_warehouse number(10), 
    producao_toneladas number(10) NOT NULL, 
    vendas_milhares_euros number(10) NOT NULL, 
    Tempoid_tempo number(10) NOT NULL, 
    Clientenif number(9) NOT NULL, 
    ParcelasId_parcelas number(10) NOT NULL, 
    Produtoid_produto number(10) NOT NULL,
    PRIMARY KEY (id_warehouse)
);

--- Alter Tables ---
ALTER TABLE Data_Warehouse ADD CONSTRAINT FKData_Wareh92861 FOREIGN KEY (Produtoid_produto) REFERENCES Produto_Star (id_produto);
ALTER TABLE Data_Warehouse ADD CONSTRAINT FKData_Wareh609051 FOREIGN KEY (Tempoid_tempo) REFERENCES Tempo (id_tempo);
ALTER TABLE Data_Warehouse ADD CONSTRAINT FKData_Wareh245627 FOREIGN KEY (Clientenif) REFERENCES Cliente_Star (nif);
ALTER TABLE Produto_Star ADD CONSTRAINT FKProduto_St141114 FOREIGN KEY (Culturaid_cultura) REFERENCES Cultura (id_cultura);
ALTER TABLE Produto_Star ADD CONSTRAINT FKProduto_St916128 FOREIGN KEY (Tipo_Culturaid_tipo_cultura) REFERENCES Tipo_Cultura (id_tipo_cultura);
ALTER TABLE Data_Warehouse ADD CONSTRAINT FKData_Wareh461109 FOREIGN KEY (ParcelasId_parcelas) REFERENCES Parcelas_Star (Id_parcelas);

--- Inserts ---
INSERT INTO Parcelas_Star VALUES(1, 15.5, 'QUINTA', 'temporario', 'macieira');
INSERT INTO Parcelas_Star VALUES(2, 16.5, 'QUINTA', 'temporario', 'pereira');
INSERT INTO Parcelas_Star VALUES(3, 17.5, 'QUINTA', 'permanente', 'macieira');
INSERT INTO Parcelas_Star VALUES(4, 18.5, 'QUINTA', 'permanente', 'macieira');
INSERT INTO Parcelas_Star VALUES(5, 21.5, 'QUINTA', 'temporario', 'macieira');

INSERT INTO Cliente_Star VALUES(223456789, 'JORGE', 5, 'j.12@gmail.com', 14);
INSERT INTO Cliente_Star VALUES(323456789, 'JORGE', 5, 'j.12@gmail.com', 14);
INSERT INTO Cliente_Star VALUES(423456789, 'JORGE', 5, 'j.12@gmail.com', 14);
INSERT INTO Cliente_Star VALUES(523456789, 'JORGE', 5, 'j.12@gmail.com', 14);
INSERT INTO Cliente_Star VALUES(623456789, 'JORGE', 5, 'j.12@gmail.com', 14);

INSERT INTO Cultura VALUES(1200, 'macieira');
INSERT INTO cultura VALUES(1201, 'pereira');
INSERT INTO cultura VALUES(1202, 'diospireiro');
INSERT INTO cultura VALUES(1203, 'oliveira');
INSERT INTO cultura VALUES(1204, 'laranjeira');

INSERT INTO tipo_cultura VALUES(1300, 'permanente');
INSERT INTO tipo_cultura VALUES(1301, 'temporario');

INSERT INTO tempo VALUES(1400, 2017, 11);
INSERT INTO tempo VALUES(1401, 2017, 9);
INSERT INTO tempo VALUES(1402, 2017, 9);
INSERT INTO tempo VALUES(1403, 2017, 9);
INSERT INTO tempo VALUES(1404, 2018, 11);
INSERT INTO tempo VALUES(1405, 2018, 9);
INSERT INTO tempo VALUES(1406, 2018, 9);
INSERT INTO tempo VALUES(1407, 2018, 9);
INSERT INTO tempo VALUES(1408, 2019, 11);
INSERT INTO tempo VALUES(1409, 2019, 9);
INSERT INTO tempo VALUES(1410, 2019, 9);
INSERT INTO tempo VALUES(1411, 2019, 9);
INSERT INTO tempo VALUES(1412, 2020, 11);
INSERT INTO tempo VALUES(1413, 2020, 9);
INSERT INTO tempo VALUES(1414, 2020, 9);
INSERT INTO tempo VALUES(1415, 2020, 9);
INSERT INTO tempo VALUES(1416, 2021, 8);
INSERT INTO tempo VALUES(1417, 2021, 11);
INSERT INTO tempo VALUES(1418, 2021, 11);
INSERT INTO tempo VALUES(1419, 2021, 11);
INSERT INTO tempo VALUES(1420, 2022, 13);
INSERT INTO tempo VALUES(1421, 2022, 14);
INSERT INTO tempo VALUES(1422, 2022, 14);
INSERT INTO tempo VALUES(1423, 2022, 14);

INSERT INTO produto_star VALUES(1500, 'pera', 1.8, 11, 40, 1200, 1300);
INSERT INTO produto_star VALUES(1501, 'maca', 3.8, 12, 41, 1201, 1301);
INSERT INTO produto_star VALUES(1502, 'maca', 3.8, 12, 41, 1202, 1300);
INSERT INTO produto_star VALUES(1503, 'maca', 3.8, 12, 41, 1203, 1301);
INSERT INTO produto_star VALUES(1504, 'maca', 3.8, 12, 41, 1204, 1300);

INSERT INTO Data_Warehouse VALUES(1600, 12, 14, 1400, 223456789, 1, 1500);
INSERT INTO Data_Warehouse VALUES(1601, 12, 14, 1401, 223456789, 1, 1500);
INSERT INTO Data_Warehouse VALUES(1602, 12, 14, 1402, 223456789, 1, 1500);
INSERT INTO Data_Warehouse VALUES(1603, 12, 14, 1403, 223456789, 1, 1500);
INSERT INTO Data_Warehouse VALUES(1604, 12, 14, 1400, 223456789, 1, 1501);
INSERT INTO Data_Warehouse VALUES(1605, 12, 14, 1401, 223456789, 1, 1501);
INSERT INTO Data_Warehouse VALUES(1606, 12, 14, 1402, 223456789, 1, 1501);
INSERT INTO Data_Warehouse VALUES(1607, 12, 14, 1403, 223456789, 1, 1501);
INSERT INTO Data_Warehouse VALUES(1608, 12, 14, 1400, 223456789, 1, 1502);
INSERT INTO Data_Warehouse VALUES(1609, 12, 14, 1401, 223456789, 1, 1502);
INSERT INTO Data_Warehouse VALUES(1610, 12, 14, 1402, 223456789, 1, 1502);
INSERT INTO Data_Warehouse VALUES(1611, 12, 14, 1403, 223456789, 1, 1502);
INSERT INTO Data_Warehouse VALUES(1612, 12, 14, 1400, 223456789, 1, 1503);
INSERT INTO Data_Warehouse VALUES(1613, 12, 14, 1401, 223456789, 1, 1503);
INSERT INTO Data_Warehouse VALUES(1614, 12, 14, 1402, 223456789, 1, 1503);
INSERT INTO Data_Warehouse VALUES(1615, 12, 14, 1403, 223456789, 1, 1503);
INSERT INTO Data_Warehouse VALUES(1616, 12, 14, 1400, 223456789, 1, 1504);
INSERT INTO Data_Warehouse VALUES(1617, 12, 14, 1401, 223456789, 1, 1504);
INSERT INTO Data_Warehouse VALUES(1618, 12, 14, 1402, 223456789, 1, 1504);
INSERT INTO Data_Warehouse VALUES(1619, 12, 14, 1403, 223456789, 1, 1504);
INSERT INTO Data_Warehouse VALUES(1620, 13, 12, 1404, 223456789, 2, 1500);
INSERT INTO Data_Warehouse VALUES(1621, 13, 12, 1405, 223456789, 2, 1500);
INSERT INTO Data_Warehouse VALUES(1622, 13, 12, 1406, 223456789, 2, 1500);
INSERT INTO Data_Warehouse VALUES(1623, 13, 12, 1407, 223456789, 2, 1500);
INSERT INTO Data_Warehouse VALUES(1624, 13, 12, 1404, 223456789, 2, 1501);
INSERT INTO Data_Warehouse VALUES(1625, 13, 12, 1405, 223456789, 2, 1501);
INSERT INTO Data_Warehouse VALUES(1626, 13, 12, 1406, 223456789, 2, 1501);
INSERT INTO Data_Warehouse VALUES(1627, 13, 12, 1407, 223456789, 2, 1501);
INSERT INTO Data_Warehouse VALUES(1628, 13, 12, 1404, 223456789, 2, 1502);
INSERT INTO Data_Warehouse VALUES(1629, 13, 12, 1405, 223456789, 2, 1502);
INSERT INTO Data_Warehouse VALUES(1630, 13, 12, 1406, 223456789, 2, 1502);
INSERT INTO Data_Warehouse VALUES(1631, 13, 12, 1407, 223456789, 2, 1502);
INSERT INTO Data_Warehouse VALUES(1632, 13, 12, 1404, 223456789, 2, 1503);
INSERT INTO Data_Warehouse VALUES(1633, 13, 12, 1405, 223456789, 2, 1503);
INSERT INTO Data_Warehouse VALUES(1634, 13, 12, 1406, 223456789, 2, 1503);
INSERT INTO Data_Warehouse VALUES(1635, 13, 12, 1407, 223456789, 2, 1503);
INSERT INTO Data_Warehouse VALUES(1636, 13, 12, 1404, 223456789, 2, 1504);
INSERT INTO Data_Warehouse VALUES(1637, 13, 12, 1405, 223456789, 2, 1504);
INSERT INTO Data_Warehouse VALUES(1638, 13, 12, 1406, 223456789, 2, 1504);
INSERT INTO Data_Warehouse VALUES(1639, 13, 12, 1407, 223456789, 2, 1504);
INSERT INTO Data_Warehouse VALUES(1640, 13, 12, 1408, 223456789, 3, 1500);
INSERT INTO Data_Warehouse VALUES(1641, 13, 12, 1409, 223456789, 3, 1500);
INSERT INTO Data_Warehouse VALUES(1642, 13, 12, 1410, 223456789, 3, 1500);
INSERT INTO Data_Warehouse VALUES(1643, 13, 12, 1411, 223456789, 3, 1500);
INSERT INTO Data_Warehouse VALUES(1644, 13, 12, 1408, 223456789, 3, 1501);
INSERT INTO Data_Warehouse VALUES(1645, 13, 12, 1409, 223456789, 3, 1501);
INSERT INTO Data_Warehouse VALUES(1646, 13, 12, 1410, 223456789, 3, 1501);
INSERT INTO Data_Warehouse VALUES(1647, 13, 12, 1411, 223456789, 3, 1501);
INSERT INTO Data_Warehouse VALUES(1648, 13, 12, 1408, 223456789, 3, 1502);
INSERT INTO Data_Warehouse VALUES(1649, 13, 12, 1409, 223456789, 3, 1502);
INSERT INTO Data_Warehouse VALUES(1650, 13, 12, 1410, 223456789, 3, 1502);
INSERT INTO Data_Warehouse VALUES(1651, 13, 12, 1411, 223456789, 3, 1502);
INSERT INTO Data_Warehouse VALUES(1652, 13, 12, 1408, 223456789, 3, 1503);
INSERT INTO Data_Warehouse VALUES(1653, 13, 12, 1409, 223456789, 3, 1503);
INSERT INTO Data_Warehouse VALUES(1654, 13, 12, 1410, 223456789, 3, 1503);
INSERT INTO Data_Warehouse VALUES(1655, 13, 12, 1411, 223456789, 3, 1503);
INSERT INTO Data_Warehouse VALUES(1656, 13, 12, 1408, 223456789, 3, 1504);
INSERT INTO Data_Warehouse VALUES(1657, 13, 12, 1409, 223456789, 3, 1504);
INSERT INTO Data_Warehouse VALUES(1658, 13, 12, 1410, 223456789, 3, 1504);
INSERT INTO Data_Warehouse VALUES(1659, 13, 12, 1411, 223456789, 3, 1504);
INSERT INTO Data_Warehouse VALUES(1660, 13, 12, 1412, 223456789, 1, 1500);
INSERT INTO Data_Warehouse VALUES(1661, 13, 12, 1413, 223456789, 2, 1500);
INSERT INTO Data_Warehouse VALUES(1662, 12, 14, 1414, 223456789, 1, 1500);
INSERT INTO Data_Warehouse VALUES(1663, 13, 12, 1415, 223456789, 2, 1500);
INSERT INTO Data_Warehouse VALUES(1664, 13, 12, 1412, 223456789, 1, 1501);
INSERT INTO Data_Warehouse VALUES(1665, 13, 12, 1413, 223456789, 2, 1501);
INSERT INTO Data_Warehouse VALUES(1666, 12, 14, 1414, 223456789, 1, 1501);
INSERT INTO Data_Warehouse VALUES(1667, 13, 12, 1415, 223456789, 2, 1501);
INSERT INTO Data_Warehouse VALUES(1668, 13, 12, 1412, 223456789, 1, 1502);
INSERT INTO Data_Warehouse VALUES(1669, 13, 12, 1413, 223456789, 2, 1502);
INSERT INTO Data_Warehouse VALUES(1670, 12, 14, 1414, 223456789, 1, 1502);
INSERT INTO Data_Warehouse VALUES(1671, 13, 12, 1415, 223456789, 2, 1502);
INSERT INTO Data_Warehouse VALUES(1672, 13, 12, 1412, 223456789, 1, 1503);
INSERT INTO Data_Warehouse VALUES(1673, 13, 12, 1413, 223456789, 2, 1503);
INSERT INTO Data_Warehouse VALUES(1674, 12, 14, 1414, 223456789, 1, 1503);
INSERT INTO Data_Warehouse VALUES(1675, 13, 12, 1415, 223456789, 2, 1503);
INSERT INTO Data_Warehouse VALUES(1676, 13, 12, 1412, 223456789, 1, 1504);
INSERT INTO Data_Warehouse VALUES(1677, 13, 12, 1413, 223456789, 2, 1504);
INSERT INTO Data_Warehouse VALUES(1678, 12, 14, 1414, 223456789, 1, 1504);
INSERT INTO Data_Warehouse VALUES(1679, 13, 12, 1415, 223456789, 2, 1504);
INSERT INTO Data_Warehouse VALUES(1680, 13, 12, 1416, 223456789, 2, 1500);
INSERT INTO Data_Warehouse VALUES(1681, 12, 14, 1417, 223456789, 1, 1500);
INSERT INTO Data_Warehouse VALUES(1682, 12, 14, 1418, 223456789, 1, 1500);
INSERT INTO Data_Warehouse VALUES(1683, 12, 14, 1419, 223456789, 1, 1500);
INSERT INTO Data_Warehouse VALUES(1684, 13, 12, 1416, 223456789, 2, 1501);
INSERT INTO Data_Warehouse VALUES(1685, 12, 14, 1417, 223456789, 1, 1501);
INSERT INTO Data_Warehouse VALUES(1686, 12, 14, 1418, 223456789, 1, 1501);
INSERT INTO Data_Warehouse VALUES(1687, 12, 14, 1419, 223456789, 1, 1501);
INSERT INTO Data_Warehouse VALUES(1688, 13, 12, 1416, 223456789, 2, 1502);
INSERT INTO Data_Warehouse VALUES(1689, 12, 14, 1417, 223456789, 1, 1502);
INSERT INTO Data_Warehouse VALUES(1690, 12, 14, 1418, 223456789, 1, 1502);
INSERT INTO Data_Warehouse VALUES(1691, 12, 14, 1419, 223456789, 1, 1502);
INSERT INTO Data_Warehouse VALUES(1692, 13, 12, 1416, 223456789, 2, 1503);
INSERT INTO Data_Warehouse VALUES(1693, 12, 14, 1417, 223456789, 1, 1503);
INSERT INTO Data_Warehouse VALUES(1694, 12, 14, 1418, 223456789, 1, 1503);
INSERT INTO Data_Warehouse VALUES(1695, 12, 14, 1419, 223456789, 1, 1503);
INSERT INTO Data_Warehouse VALUES(1696, 13, 12, 1416, 223456789, 2, 1504);
INSERT INTO Data_Warehouse VALUES(1697, 12, 14, 1417, 223456789, 1, 1504);
INSERT INTO Data_Warehouse VALUES(1698, 12, 14, 1418, 223456789, 1, 1504);
INSERT INTO Data_Warehouse VALUES(1699, 12, 14, 1419, 223456789, 1, 1504);
INSERT INTO Data_Warehouse VALUES(1700, 12, 14, 1420, 223456789, 1, 1500);
INSERT INTO Data_Warehouse VALUES(1701, 12, 14, 1421, 223456789, 1, 1500);
INSERT INTO Data_Warehouse VALUES(1702, 12, 14, 1422, 223456789, 1, 1500);
INSERT INTO Data_Warehouse VALUES(1703, 12, 14, 1423, 223456789, 1, 1500);
INSERT INTO Data_Warehouse VALUES(1704, 12, 14, 1420, 223456789, 1, 1501);
INSERT INTO Data_Warehouse VALUES(1705, 12, 14, 1421, 223456789, 1, 1501);
INSERT INTO Data_Warehouse VALUES(1706, 12, 14, 1422, 223456789, 1, 1501);
INSERT INTO Data_Warehouse VALUES(1707, 12, 14, 1423, 223456789, 1, 1501);
INSERT INTO Data_Warehouse VALUES(1708, 12, 14, 1420, 223456789, 1, 1502);
INSERT INTO Data_Warehouse VALUES(1709, 12, 14, 1421, 223456789, 1, 1502);
INSERT INTO Data_Warehouse VALUES(1710, 12, 14, 1422, 223456789, 1, 1502);
INSERT INTO Data_Warehouse VALUES(1711, 12, 14, 1423, 223456789, 1, 1502);
INSERT INTO Data_Warehouse VALUES(1712, 12, 14, 1420, 223456789, 1, 1503);
INSERT INTO Data_Warehouse VALUES(1713, 12, 14, 1421, 223456789, 1, 1503);
INSERT INTO Data_Warehouse VALUES(1714, 12, 14, 1422, 223456789, 1, 1503);
INSERT INTO Data_Warehouse VALUES(1715, 12, 14, 1423, 223456789, 1, 1503);
INSERT INTO Data_Warehouse VALUES(1716, 12, 14, 1420, 223456789, 1, 1504);
INSERT INTO Data_Warehouse VALUES(1717, 12, 14, 1421, 223456789, 1, 1504);
INSERT INTO Data_Warehouse VALUES(1718, 12, 14, 1422, 223456789, 1, 1504);
INSERT INTO Data_Warehouse VALUES(1719, 12, 14, 1423, 223456789, 1, 1504);

--VIEW ALL THE TABLES INSERTEDS--
SELECT * FROM cultura;
SELECT * FROM tipo_cultura;
SELECT * FROM tempo;
SELECT * FROM data_warehouse;
SELECT * FROM cliente_star;
SELECT * FROM produto_star;
SELECT * FROM parcelas_star;